dannykbucket,file_1_348bytes.txt
dannykbucket,file_10_917bytes.txt
dannykbucket,file_11_212bytes.txt
dannykbucket,file_12_582bytes.txt
dannykbucket,file_13_766bytes.txt
dannykbucket,file_14_901bytes.txt
dannykbucket,file_15_235bytes.txt
dannykbucket,file_16_285bytes.txt
dannykbucket,file_17_960bytes.txt
dannykbucket,file_18_342bytes.txt
dannykbucket,file_19_782bytes.txt
dannykbucket,file_2_467bytes.txt
dannykbucket,file_20_574bytes.txt
dannykbucket,file_3_536bytes.txt
dannykbucket,file_4_502bytes.txt
dannykbucket,file_5_764bytes.txt
dannykbucket,file_6_631bytes.txt
dannykbucket,file_7_70bytes.txt
dannykbucket,file_8_351bytes.txt
dannykbucket,file_9_54bytes.txt